"","feature","symbol","human_ortholog","gene_title","chr","source","gene_name","data_type"
"mir:hsa-mir-205","mir:hsa-mir-205","HSA-MIR-205","HSA-MIR-205",NA,NA,NA,"mir:hsa-mir-205","mir"
"mir:hsa-mir-9-1","mir:hsa-mir-9-1","HSA-MIR-9-1","HSA-MIR-9-1",NA,NA,NA,"mir:hsa-mir-9-1","mir"
"mir:hsa-mir-9-2","mir:hsa-mir-9-2","HSA-MIR-9-2","HSA-MIR-9-2",NA,NA,NA,"mir:hsa-mir-9-2","mir"
"mir:hsa-mir-196a-1","mir:hsa-mir-196a-1","HSA-MIR-196A-1","HSA-MIR-196A-1",NA,NA,NA,"mir:hsa-mir-196a-1","mir"
"mir:hsa-mir-375","mir:hsa-mir-375","HSA-MIR-375","HSA-MIR-375",NA,NA,NA,"mir:hsa-mir-375","mir"
"mir:hsa-mir-150","mir:hsa-mir-150","HSA-MIR-150","HSA-MIR-150",NA,NA,NA,"mir:hsa-mir-150","mir"
"mir:hsa-mir-203","mir:hsa-mir-203","HSA-MIR-203","HSA-MIR-203",NA,NA,NA,"mir:hsa-mir-203","mir"
"mir:hsa-mir-452","mir:hsa-mir-452","HSA-MIR-452","HSA-MIR-452",NA,NA,NA,"mir:hsa-mir-452","mir"
"mir:hsa-mir-210","mir:hsa-mir-210","HSA-MIR-210","HSA-MIR-210",NA,NA,NA,"mir:hsa-mir-210","mir"
"mir:hsa-mir-149","mir:hsa-mir-149","HSA-MIR-149","HSA-MIR-149",NA,NA,NA,"mir:hsa-mir-149","mir"
"mir:hsa-mir-3065","mir:hsa-mir-3065","HSA-MIR-3065","HSA-MIR-3065",NA,NA,NA,"mir:hsa-mir-3065","mir"
"mir:hsa-mir-486","mir:hsa-mir-486","HSA-MIR-486","HSA-MIR-486",NA,NA,NA,"mir:hsa-mir-486","mir"
"mir:hsa-mir-429","mir:hsa-mir-429","HSA-MIR-429","HSA-MIR-429",NA,NA,NA,"mir:hsa-mir-429","mir"
"mir:hsa-mir-30a","mir:hsa-mir-30a","HSA-MIR-30A","HSA-MIR-30A",NA,NA,NA,"mir:hsa-mir-30a","mir"
"mir:hsa-mir-106a","mir:hsa-mir-106a","HSA-MIR-106A","HSA-MIR-106A",NA,NA,NA,"mir:hsa-mir-106a","mir"
"mir:hsa-mir-451","mir:hsa-mir-451","HSA-MIR-451","HSA-MIR-451",NA,NA,NA,"mir:hsa-mir-451","mir"
"mir:hsa-mir-455","mir:hsa-mir-455","HSA-MIR-455","HSA-MIR-455",NA,NA,NA,"mir:hsa-mir-455","mir"
"mir:hsa-mir-17","mir:hsa-mir-17","HSA-MIR-17","HSA-MIR-17",NA,NA,NA,"mir:hsa-mir-17","mir"
"mir:hsa-mir-196b","mir:hsa-mir-196b","HSA-MIR-196B","HSA-MIR-196B",NA,NA,NA,"mir:hsa-mir-196b","mir"
"mir:hsa-mir-20a","mir:hsa-mir-20a","HSA-MIR-20A","HSA-MIR-20A",NA,NA,NA,"mir:hsa-mir-20a","mir"
"mir:hsa-mir-345","mir:hsa-mir-345","HSA-MIR-345","HSA-MIR-345",NA,NA,NA,"mir:hsa-mir-345","mir"
"mir:hsa-mir-505","mir:hsa-mir-505","HSA-MIR-505","HSA-MIR-505",NA,NA,NA,"mir:hsa-mir-505","mir"
"mir:hsa-mir-146a","mir:hsa-mir-146a","HSA-MIR-146A","HSA-MIR-146A",NA,NA,NA,"mir:hsa-mir-146a","mir"
"mir:hsa-mir-223","mir:hsa-mir-223","HSA-MIR-223","HSA-MIR-223",NA,NA,NA,"mir:hsa-mir-223","mir"
"mir:hsa-mir-10a","mir:hsa-mir-10a","HSA-MIR-10A","HSA-MIR-10A",NA,NA,NA,"mir:hsa-mir-10a","mir"
"mir:hsa-mir-144","mir:hsa-mir-144","HSA-MIR-144","HSA-MIR-144",NA,NA,NA,"mir:hsa-mir-144","mir"
"mir:hsa-mir-155","mir:hsa-mir-155","HSA-MIR-155","HSA-MIR-155",NA,NA,NA,"mir:hsa-mir-155","mir"
"mir:hsa-mir-19b-2","mir:hsa-mir-19b-2","HSA-MIR-19B-2","HSA-MIR-19B-2",NA,NA,NA,"mir:hsa-mir-19b-2","mir"
"mir:hsa-mir-92a-1","mir:hsa-mir-92a-1","HSA-MIR-92A-1","HSA-MIR-92A-1",NA,NA,NA,"mir:hsa-mir-92a-1","mir"
"mir:hsa-mir-582","mir:hsa-mir-582","HSA-MIR-582","HSA-MIR-582",NA,NA,NA,"mir:hsa-mir-582","mir"
"mir:hsa-mir-142","mir:hsa-mir-142","HSA-MIR-142","HSA-MIR-142",NA,NA,NA,"mir:hsa-mir-142","mir"
"mir:hsa-mir-337","mir:hsa-mir-337","HSA-MIR-337","HSA-MIR-337",NA,NA,NA,"mir:hsa-mir-337","mir"
"mir:hsa-mir-3607","mir:hsa-mir-3607","HSA-MIR-3607","HSA-MIR-3607",NA,NA,NA,"mir:hsa-mir-3607","mir"
"mir:hsa-mir-181d","mir:hsa-mir-181d","HSA-MIR-181D","HSA-MIR-181D",NA,NA,NA,"mir:hsa-mir-181d","mir"
"mir:hsa-mir-100","mir:hsa-mir-100","HSA-MIR-100","HSA-MIR-100",NA,NA,NA,"mir:hsa-mir-100","mir"
"mir:hsa-mir-3074","mir:hsa-mir-3074","HSA-MIR-3074","HSA-MIR-3074",NA,NA,NA,"mir:hsa-mir-3074","mir"
"mir:hsa-mir-96","mir:hsa-mir-96","HSA-MIR-96","HSA-MIR-96",NA,NA,NA,"mir:hsa-mir-96","mir"
"mir:hsa-mir-130a","mir:hsa-mir-130a","HSA-MIR-130A","HSA-MIR-130A",NA,NA,NA,"mir:hsa-mir-130a","mir"
"mir:hsa-mir-92b","mir:hsa-mir-92b","HSA-MIR-92B","HSA-MIR-92B",NA,NA,NA,"mir:hsa-mir-92b","mir"
"mir:hsa-mir-584","mir:hsa-mir-584","HSA-MIR-584","HSA-MIR-584",NA,NA,NA,"mir:hsa-mir-584","mir"
"mir:hsa-mir-338","mir:hsa-mir-338","HSA-MIR-338","HSA-MIR-338",NA,NA,NA,"mir:hsa-mir-338","mir"
"mir:hsa-mir-576","mir:hsa-mir-576","HSA-MIR-576","HSA-MIR-576",NA,NA,NA,"mir:hsa-mir-576","mir"
"mir:hsa-mir-143","mir:hsa-mir-143","HSA-MIR-143","HSA-MIR-143",NA,NA,NA,"mir:hsa-mir-143","mir"
"mir:hsa-mir-1301","mir:hsa-mir-1301","HSA-MIR-1301","HSA-MIR-1301",NA,NA,NA,"mir:hsa-mir-1301","mir"
"mir:hsa-mir-379","mir:hsa-mir-379","HSA-MIR-379","HSA-MIR-379",NA,NA,NA,"mir:hsa-mir-379","mir"
"mir:hsa-mir-3653","mir:hsa-mir-3653","HSA-MIR-3653","HSA-MIR-3653",NA,NA,NA,"mir:hsa-mir-3653","mir"
"mir:hsa-mir-15b","mir:hsa-mir-15b","HSA-MIR-15B","HSA-MIR-15B",NA,NA,NA,"mir:hsa-mir-15b","mir"
"mir:hsa-mir-92a-2","mir:hsa-mir-92a-2","HSA-MIR-92A-2","HSA-MIR-92A-2",NA,NA,NA,"mir:hsa-mir-92a-2","mir"
"mir:hsa-mir-378","mir:hsa-mir-378","HSA-MIR-378","HSA-MIR-378",NA,NA,NA,"mir:hsa-mir-378","mir"
"mir:hsa-mir-590","mir:hsa-mir-590","HSA-MIR-590","HSA-MIR-590",NA,NA,NA,"mir:hsa-mir-590","mir"
"mir:hsa-mir-3647","mir:hsa-mir-3647","HSA-MIR-3647","HSA-MIR-3647",NA,NA,NA,"mir:hsa-mir-3647","mir"
"mir:hsa-mir-130b","mir:hsa-mir-130b","HSA-MIR-130B","HSA-MIR-130B",NA,NA,NA,"mir:hsa-mir-130b","mir"
"mir:hsa-mir-197","mir:hsa-mir-197","HSA-MIR-197","HSA-MIR-197",NA,NA,NA,"mir:hsa-mir-197","mir"
"mir:hsa-mir-29c","mir:hsa-mir-29c","HSA-MIR-29C","HSA-MIR-29C",NA,NA,NA,"mir:hsa-mir-29c","mir"
"mir:hsa-mir-146b","mir:hsa-mir-146b","HSA-MIR-146B","HSA-MIR-146B",NA,NA,NA,"mir:hsa-mir-146b","mir"
"mir:hsa-mir-425","mir:hsa-mir-425","HSA-MIR-425","HSA-MIR-425",NA,NA,NA,"mir:hsa-mir-425","mir"
"mir:hsa-mir-181c","mir:hsa-mir-181c","HSA-MIR-181C","HSA-MIR-181C",NA,NA,NA,"mir:hsa-mir-181c","mir"
"mir:hsa-mir-200b","mir:hsa-mir-200b","HSA-MIR-200B","HSA-MIR-200B",NA,NA,NA,"mir:hsa-mir-200b","mir"
"mir:hsa-mir-30b","mir:hsa-mir-30b","HSA-MIR-30B","HSA-MIR-30B",NA,NA,NA,"mir:hsa-mir-30b","mir"
"mir:hsa-mir-214","mir:hsa-mir-214","HSA-MIR-214","HSA-MIR-214",NA,NA,NA,"mir:hsa-mir-214","mir"
"mir:hsa-mir-1307","mir:hsa-mir-1307","HSA-MIR-1307","HSA-MIR-1307",NA,NA,NA,"mir:hsa-mir-1307","mir"
"mir:hsa-mir-744","mir:hsa-mir-744","HSA-MIR-744","HSA-MIR-744",NA,NA,NA,"mir:hsa-mir-744","mir"
"mir:hsa-mir-342","mir:hsa-mir-342","HSA-MIR-342","HSA-MIR-342",NA,NA,NA,"mir:hsa-mir-342","mir"
"mir:hsa-mir-148a","mir:hsa-mir-148a","HSA-MIR-148A","HSA-MIR-148A",NA,NA,NA,"mir:hsa-mir-148a","mir"
"mir:hsa-mir-7-1","mir:hsa-mir-7-1","HSA-MIR-7-1","HSA-MIR-7-1",NA,NA,NA,"mir:hsa-mir-7-1","mir"
"mir:hsa-mir-1287","mir:hsa-mir-1287","HSA-MIR-1287","HSA-MIR-1287",NA,NA,NA,"mir:hsa-mir-1287","mir"
"mir:hsa-mir-501","mir:hsa-mir-501","HSA-MIR-501","HSA-MIR-501",NA,NA,NA,"mir:hsa-mir-501","mir"
"mir:hsa-mir-99a","mir:hsa-mir-99a","HSA-MIR-99A","HSA-MIR-99A",NA,NA,NA,"mir:hsa-mir-99a","mir"
"mir:hsa-mir-324","mir:hsa-mir-324","HSA-MIR-324","HSA-MIR-324",NA,NA,NA,"mir:hsa-mir-324","mir"
"mir:hsa-mir-93","mir:hsa-mir-93","HSA-MIR-93","HSA-MIR-93",NA,NA,NA,"mir:hsa-mir-93","mir"
"mir:hsa-mir-222","mir:hsa-mir-222","HSA-MIR-222","HSA-MIR-222",NA,NA,NA,"mir:hsa-mir-222","mir"
"mir:hsa-mir-628","mir:hsa-mir-628","HSA-MIR-628","HSA-MIR-628",NA,NA,NA,"mir:hsa-mir-628","mir"
"mir:hsa-mir-139","mir:hsa-mir-139","HSA-MIR-139","HSA-MIR-139",NA,NA,NA,"mir:hsa-mir-139","mir"
"mir:hsa-mir-183","mir:hsa-mir-183","HSA-MIR-183","HSA-MIR-183",NA,NA,NA,"mir:hsa-mir-183","mir"
"mir:hsa-mir-424","mir:hsa-mir-424","HSA-MIR-424","HSA-MIR-424",NA,NA,NA,"mir:hsa-mir-424","mir"
"mir:hsa-mir-29b-1","mir:hsa-mir-29b-1","HSA-MIR-29B-1","HSA-MIR-29B-1",NA,NA,NA,"mir:hsa-mir-29b-1","mir"
"mir:hsa-mir-30c-2","mir:hsa-mir-30c-2","HSA-MIR-30C-2","HSA-MIR-30C-2",NA,NA,NA,"mir:hsa-mir-30c-2","mir"
"mir:hsa-mir-625","mir:hsa-mir-625","HSA-MIR-625","HSA-MIR-625",NA,NA,NA,"mir:hsa-mir-625","mir"
"mir:hsa-mir-141","mir:hsa-mir-141","HSA-MIR-141","HSA-MIR-141",NA,NA,NA,"mir:hsa-mir-141","mir"
"mir:hsa-mir-16-2","mir:hsa-mir-16-2","HSA-MIR-16-2","HSA-MIR-16-2",NA,NA,NA,"mir:hsa-mir-16-2","mir"
"mir:hsa-mir-134","mir:hsa-mir-134","HSA-MIR-134","HSA-MIR-134",NA,NA,NA,"mir:hsa-mir-134","mir"
"mir:hsa-mir-127","mir:hsa-mir-127","HSA-MIR-127","HSA-MIR-127",NA,NA,NA,"mir:hsa-mir-127","mir"
"mir:hsa-mir-200a","mir:hsa-mir-200a","HSA-MIR-200A","HSA-MIR-200A",NA,NA,NA,"mir:hsa-mir-200a","mir"
"mir:hsa-mir-454","mir:hsa-mir-454","HSA-MIR-454","HSA-MIR-454",NA,NA,NA,"mir:hsa-mir-454","mir"
"mir:hsa-mir-500a","mir:hsa-mir-500a","HSA-MIR-500A","HSA-MIR-500A",NA,NA,NA,"mir:hsa-mir-500a","mir"
"mir:hsa-mir-330","mir:hsa-mir-330","HSA-MIR-330","HSA-MIR-330",NA,NA,NA,"mir:hsa-mir-330","mir"
"mir:hsa-mir-192","mir:hsa-mir-192","HSA-MIR-192","HSA-MIR-192",NA,NA,NA,"mir:hsa-mir-192","mir"
"mir:hsa-mir-874","mir:hsa-mir-874","HSA-MIR-874","HSA-MIR-874",NA,NA,NA,"mir:hsa-mir-874","mir"
"mir:hsa-mir-29b-2","mir:hsa-mir-29b-2","HSA-MIR-29B-2","HSA-MIR-29B-2",NA,NA,NA,"mir:hsa-mir-29b-2","mir"
"mir:hsa-mir-125b-1","mir:hsa-mir-125b-1","HSA-MIR-125B-1","HSA-MIR-125B-1",NA,NA,NA,"mir:hsa-mir-125b-1","mir"
"mir:hsa-mir-381","mir:hsa-mir-381","HSA-MIR-381","HSA-MIR-381",NA,NA,NA,"mir:hsa-mir-381","mir"
"mir:hsa-mir-328","mir:hsa-mir-328","HSA-MIR-328","HSA-MIR-328",NA,NA,NA,"mir:hsa-mir-328","mir"
"mir:hsa-mir-221","mir:hsa-mir-221","HSA-MIR-221","HSA-MIR-221",NA,NA,NA,"mir:hsa-mir-221","mir"
"mir:hsa-let-7c","mir:hsa-let-7c","HSA-LET-7C","HSA-LET-7C",NA,NA,NA,"mir:hsa-let-7c","mir"
"mir:hsa-mir-24-1","mir:hsa-mir-24-1","HSA-MIR-24-1","HSA-MIR-24-1",NA,NA,NA,"mir:hsa-mir-24-1","mir"
"mir:hsa-mir-484","mir:hsa-mir-484","HSA-MIR-484","HSA-MIR-484",NA,NA,NA,"mir:hsa-mir-484","mir"
"mir:hsa-mir-106b","mir:hsa-mir-106b","HSA-MIR-106B","HSA-MIR-106B",NA,NA,NA,"mir:hsa-mir-106b","mir"
"mir:hsa-mir-199b","mir:hsa-mir-199b","HSA-MIR-199B","HSA-MIR-199B",NA,NA,NA,"mir:hsa-mir-199b","mir"
"mir:hsa-mir-145","mir:hsa-mir-145","HSA-MIR-145","HSA-MIR-145",NA,NA,NA,"mir:hsa-mir-145","mir"
"mir:hsa-mir-182","mir:hsa-mir-182","HSA-MIR-182","HSA-MIR-182",NA,NA,NA,"mir:hsa-mir-182","mir"
"mir:hsa-mir-181b-1","mir:hsa-mir-181b-1","HSA-MIR-181B-1","HSA-MIR-181B-1",NA,NA,NA,"mir:hsa-mir-181b-1","mir"
"mir:hsa-mir-152","mir:hsa-mir-152","HSA-MIR-152","HSA-MIR-152",NA,NA,NA,"mir:hsa-mir-152","mir"
"mir:hsa-mir-191","mir:hsa-mir-191","HSA-MIR-191","HSA-MIR-191",NA,NA,NA,"mir:hsa-mir-191","mir"
"mir:hsa-mir-200c","mir:hsa-mir-200c","HSA-MIR-200C","HSA-MIR-200C",NA,NA,NA,"mir:hsa-mir-200c","mir"
"mir:hsa-mir-199a-2","mir:hsa-mir-199a-2","HSA-MIR-199A-2","HSA-MIR-199A-2",NA,NA,NA,"mir:hsa-mir-199a-2","mir"
"mir:hsa-mir-542","mir:hsa-mir-542","HSA-MIR-542","HSA-MIR-542",NA,NA,NA,"mir:hsa-mir-542","mir"
"mir:hsa-mir-199a-1","mir:hsa-mir-199a-1","HSA-MIR-199A-1","HSA-MIR-199A-1",NA,NA,NA,"mir:hsa-mir-199a-1","mir"
"mir:hsa-mir-181a-2","mir:hsa-mir-181a-2","HSA-MIR-181A-2","HSA-MIR-181A-2",NA,NA,NA,"mir:hsa-mir-181a-2","mir"
"mir:hsa-mir-660","mir:hsa-mir-660","HSA-MIR-660","HSA-MIR-660",NA,NA,NA,"mir:hsa-mir-660","mir"
"mir:hsa-mir-331","mir:hsa-mir-331","HSA-MIR-331","HSA-MIR-331",NA,NA,NA,"mir:hsa-mir-331","mir"
"mir:hsa-mir-193b","mir:hsa-mir-193b","HSA-MIR-193B","HSA-MIR-193B",NA,NA,NA,"mir:hsa-mir-193b","mir"
"mir:hsa-mir-539","mir:hsa-mir-539","HSA-MIR-539","HSA-MIR-539",NA,NA,NA,"mir:hsa-mir-539","mir"
"mir:hsa-mir-16-1","mir:hsa-mir-16-1","HSA-MIR-16-1","HSA-MIR-16-1",NA,NA,NA,"mir:hsa-mir-16-1","mir"
"mir:hsa-mir-339","mir:hsa-mir-339","HSA-MIR-339","HSA-MIR-339",NA,NA,NA,"mir:hsa-mir-339","mir"
"mir:hsa-mir-10b","mir:hsa-mir-10b","HSA-MIR-10B","HSA-MIR-10B",NA,NA,NA,"mir:hsa-mir-10b","mir"
"mir:hsa-let-7b","mir:hsa-let-7b","HSA-LET-7B","HSA-LET-7B",NA,NA,NA,"mir:hsa-let-7b","mir"
"mir:hsa-let-7f-2","mir:hsa-let-7f-2","HSA-LET-7F-2","HSA-LET-7F-2",NA,NA,NA,"mir:hsa-let-7f-2","mir"
"mir:hsa-mir-186","mir:hsa-mir-186","HSA-MIR-186","HSA-MIR-186",NA,NA,NA,"mir:hsa-mir-186","mir"
"mir:hsa-mir-101-2","mir:hsa-mir-101-2","HSA-MIR-101-2","HSA-MIR-101-2",NA,NA,NA,"mir:hsa-mir-101-2","mir"
"mir:hsa-mir-128-2","mir:hsa-mir-128-2","HSA-MIR-128-2","HSA-MIR-128-2",NA,NA,NA,"mir:hsa-mir-128-2","mir"
"mir:hsa-mir-24-2","mir:hsa-mir-24-2","HSA-MIR-24-2","HSA-MIR-24-2",NA,NA,NA,"mir:hsa-mir-24-2","mir"
"mir:hsa-mir-27b","mir:hsa-mir-27b","HSA-MIR-27B","HSA-MIR-27B",NA,NA,NA,"mir:hsa-mir-27b","mir"
"mir:hsa-mir-409","mir:hsa-mir-409","HSA-MIR-409","HSA-MIR-409",NA,NA,NA,"mir:hsa-mir-409","mir"
"mir:hsa-mir-3613","mir:hsa-mir-3613","HSA-MIR-3613","HSA-MIR-3613",NA,NA,NA,"mir:hsa-mir-3613","mir"
"mir:hsa-mir-23b","mir:hsa-mir-23b","HSA-MIR-23B","HSA-MIR-23B",NA,NA,NA,"mir:hsa-mir-23b","mir"
"mir:hsa-mir-32","mir:hsa-mir-32","HSA-MIR-32","HSA-MIR-32",NA,NA,NA,"mir:hsa-mir-32","mir"
"mir:hsa-mir-27a","mir:hsa-mir-27a","HSA-MIR-27A","HSA-MIR-27A",NA,NA,NA,"mir:hsa-mir-27a","mir"
"mir:hsa-mir-340","mir:hsa-mir-340","HSA-MIR-340","HSA-MIR-340",NA,NA,NA,"mir:hsa-mir-340","mir"
"mir:hsa-mir-30d","mir:hsa-mir-30d","HSA-MIR-30D","HSA-MIR-30D",NA,NA,NA,"mir:hsa-mir-30d","mir"
"mir:hsa-mir-101-1","mir:hsa-mir-101-1","HSA-MIR-101-1","HSA-MIR-101-1",NA,NA,NA,"mir:hsa-mir-101-1","mir"
"mir:hsa-mir-103-2","mir:hsa-mir-103-2","HSA-MIR-103-2","HSA-MIR-103-2",NA,NA,NA,"mir:hsa-mir-103-2","mir"
"mir:hsa-mir-126","mir:hsa-mir-126","HSA-MIR-126","HSA-MIR-126",NA,NA,NA,"mir:hsa-mir-126","mir"
"mir:hsa-mir-320a","mir:hsa-mir-320a","HSA-MIR-320A","HSA-MIR-320A",NA,NA,NA,"mir:hsa-mir-320a","mir"
"mir:hsa-mir-497","mir:hsa-mir-497","HSA-MIR-497","HSA-MIR-497",NA,NA,NA,"mir:hsa-mir-497","mir"
"mir:hsa-mir-195","mir:hsa-mir-195","HSA-MIR-195","HSA-MIR-195",NA,NA,NA,"mir:hsa-mir-195","mir"
"mir:hsa-mir-532","mir:hsa-mir-532","HSA-MIR-532","HSA-MIR-532",NA,NA,NA,"mir:hsa-mir-532","mir"
"mir:hsa-mir-589","mir:hsa-mir-589","HSA-MIR-589","HSA-MIR-589",NA,NA,NA,"mir:hsa-mir-589","mir"
"mir:hsa-mir-34a","mir:hsa-mir-34a","HSA-MIR-34A","HSA-MIR-34A",NA,NA,NA,"mir:hsa-mir-34a","mir"
"mir:hsa-mir-193a","mir:hsa-mir-193a","HSA-MIR-193A","HSA-MIR-193A",NA,NA,NA,"mir:hsa-mir-193a","mir"
"mir:hsa-mir-708","mir:hsa-mir-708","HSA-MIR-708","HSA-MIR-708",NA,NA,NA,"mir:hsa-mir-708","mir"
"mir:hsa-mir-98","mir:hsa-mir-98","HSA-MIR-98","HSA-MIR-98",NA,NA,NA,"mir:hsa-mir-98","mir"
"mir:hsa-mir-365-2","mir:hsa-mir-365-2","HSA-MIR-365-2","HSA-MIR-365-2",NA,NA,NA,"mir:hsa-mir-365-2","mir"
"mir:hsa-mir-218-2","mir:hsa-mir-218-2","HSA-MIR-218-2","HSA-MIR-218-2",NA,NA,NA,"mir:hsa-mir-218-2","mir"
"mir:hsa-mir-194-1","mir:hsa-mir-194-1","HSA-MIR-194-1","HSA-MIR-194-1",NA,NA,NA,"mir:hsa-mir-194-1","mir"
"mir:hsa-mir-140","mir:hsa-mir-140","HSA-MIR-140","HSA-MIR-140",NA,NA,NA,"mir:hsa-mir-140","mir"
"mir:hsa-let-7d","mir:hsa-let-7d","HSA-LET-7D","HSA-LET-7D",NA,NA,NA,"mir:hsa-let-7d","mir"
"mir:hsa-mir-365-1","mir:hsa-mir-365-1","HSA-MIR-365-1","HSA-MIR-365-1",NA,NA,NA,"mir:hsa-mir-365-1","mir"
"mir:hsa-mir-664","mir:hsa-mir-664","HSA-MIR-664","HSA-MIR-664",NA,NA,NA,"mir:hsa-mir-664","mir"
"mir:hsa-mir-25","mir:hsa-mir-25","HSA-MIR-25","HSA-MIR-25",NA,NA,NA,"mir:hsa-mir-25","mir"
"mir:hsa-mir-2355","mir:hsa-mir-2355","HSA-MIR-2355","HSA-MIR-2355",NA,NA,NA,"mir:hsa-mir-2355","mir"
"mir:hsa-mir-29a","mir:hsa-mir-29a","HSA-MIR-29A","HSA-MIR-29A",NA,NA,NA,"mir:hsa-mir-29a","mir"
"mir:hsa-mir-103-1","mir:hsa-mir-103-1","HSA-MIR-103-1","HSA-MIR-103-1",NA,NA,NA,"mir:hsa-mir-103-1","mir"
"mir:hsa-mir-574","mir:hsa-mir-574","HSA-MIR-574","HSA-MIR-574",NA,NA,NA,"mir:hsa-mir-574","mir"
"mir:hsa-mir-148b","mir:hsa-mir-148b","HSA-MIR-148B","HSA-MIR-148B",NA,NA,NA,"mir:hsa-mir-148b","mir"
"mir:hsa-mir-194-2","mir:hsa-mir-194-2","HSA-MIR-194-2","HSA-MIR-194-2",NA,NA,NA,"mir:hsa-mir-194-2","mir"
"mir:hsa-let-7f-1","mir:hsa-let-7f-1","HSA-LET-7F-1","HSA-LET-7F-1",NA,NA,NA,"mir:hsa-let-7f-1","mir"
"mir:hsa-mir-128-1","mir:hsa-mir-128-1","HSA-MIR-128-1","HSA-MIR-128-1",NA,NA,NA,"mir:hsa-mir-128-1","mir"
"mir:hsa-mir-26b","mir:hsa-mir-26b","HSA-MIR-26B","HSA-MIR-26B",NA,NA,NA,"mir:hsa-mir-26b","mir"
"mir:hsa-let-7g","mir:hsa-let-7g","HSA-LET-7G","HSA-LET-7G",NA,NA,NA,"mir:hsa-let-7g","mir"
"mir:hsa-mir-374b","mir:hsa-mir-374b","HSA-MIR-374B","HSA-MIR-374B",NA,NA,NA,"mir:hsa-mir-374b","mir"
"mir:hsa-mir-423","mir:hsa-mir-423","HSA-MIR-423","HSA-MIR-423",NA,NA,NA,"mir:hsa-mir-423","mir"
"mir:hsa-mir-15a","mir:hsa-mir-15a","HSA-MIR-15A","HSA-MIR-15A",NA,NA,NA,"mir:hsa-mir-15a","mir"
"mir:hsa-mir-151","mir:hsa-mir-151","HSA-MIR-151","HSA-MIR-151",NA,NA,NA,"mir:hsa-mir-151","mir"
"mir:hsa-mir-181a-1","mir:hsa-mir-181a-1","HSA-MIR-181A-1","HSA-MIR-181A-1",NA,NA,NA,"mir:hsa-mir-181a-1","mir"
"mir:hsa-mir-99b","mir:hsa-mir-99b","HSA-MIR-99B","HSA-MIR-99B",NA,NA,NA,"mir:hsa-mir-99b","mir"
"mir:hsa-mir-185","mir:hsa-mir-185","HSA-MIR-185","HSA-MIR-185",NA,NA,NA,"mir:hsa-mir-185","mir"
"mir:hsa-mir-23a","mir:hsa-mir-23a","HSA-MIR-23A","HSA-MIR-23A",NA,NA,NA,"mir:hsa-mir-23a","mir"
"mir:hsa-mir-629","mir:hsa-mir-629","HSA-MIR-629","HSA-MIR-629",NA,NA,NA,"mir:hsa-mir-629","mir"
"mir:hsa-mir-125a","mir:hsa-mir-125a","HSA-MIR-125A","HSA-MIR-125A",NA,NA,NA,"mir:hsa-mir-125a","mir"
"mir:hsa-mir-769","mir:hsa-mir-769","HSA-MIR-769","HSA-MIR-769",NA,NA,NA,"mir:hsa-mir-769","mir"
"mir:hsa-mir-132","mir:hsa-mir-132","HSA-MIR-132","HSA-MIR-132",NA,NA,NA,"mir:hsa-mir-132","mir"
"mir:hsa-let-7e","mir:hsa-let-7e","HSA-LET-7E","HSA-LET-7E",NA,NA,NA,"mir:hsa-let-7e","mir"
"mir:hsa-mir-374a","mir:hsa-mir-374a","HSA-MIR-374A","HSA-MIR-374A",NA,NA,NA,"mir:hsa-mir-374a","mir"
"mir:hsa-mir-107","mir:hsa-mir-107","HSA-MIR-107","HSA-MIR-107",NA,NA,NA,"mir:hsa-mir-107","mir"
"mir:hsa-mir-21","mir:hsa-mir-21","HSA-MIR-21","HSA-MIR-21",NA,NA,NA,"mir:hsa-mir-21","mir"
"mir:hsa-let-7i","mir:hsa-let-7i","HSA-LET-7I","HSA-LET-7I",NA,NA,NA,"mir:hsa-let-7i","mir"
"mir:hsa-mir-26a-2","mir:hsa-mir-26a-2","HSA-MIR-26A-2","HSA-MIR-26A-2",NA,NA,NA,"mir:hsa-mir-26a-2","mir"
"mir:hsa-let-7a-2","mir:hsa-let-7a-2","HSA-LET-7A-2","HSA-LET-7A-2",NA,NA,NA,"mir:hsa-let-7a-2","mir"
"mir:hsa-let-7a-1","mir:hsa-let-7a-1","HSA-LET-7A-1","HSA-LET-7A-1",NA,NA,NA,"mir:hsa-let-7a-1","mir"
"mir:hsa-mir-22","mir:hsa-mir-22","HSA-MIR-22","HSA-MIR-22",NA,NA,NA,"mir:hsa-mir-22","mir"
"mir:hsa-let-7a-3","mir:hsa-let-7a-3","HSA-LET-7A-3","HSA-LET-7A-3",NA,NA,NA,"mir:hsa-let-7a-3","mir"
"mir:hsa-mir-28","mir:hsa-mir-28","HSA-MIR-28","HSA-MIR-28",NA,NA,NA,"mir:hsa-mir-28","mir"
"mir:hsa-mir-30e","mir:hsa-mir-30e","HSA-MIR-30E","HSA-MIR-30E",NA,NA,NA,"mir:hsa-mir-30e","mir"
"mir:hsa-mir-361","mir:hsa-mir-361","HSA-MIR-361","HSA-MIR-361",NA,NA,NA,"mir:hsa-mir-361","mir"
"gx:STC2","gx:STC2","STC2","STC2","stanniocalcin 2","5q35.2","org.Hs.eg.db","gx:STC2","gx"
"gx:APOD","gx:APOD","APOD","APOD","apolipoprotein D","3q29","org.Hs.eg.db","gx:APOD","gx"
"gx:NTN4","gx:NTN4","NTN4","NTN4","netrin 4","12q22","org.Hs.eg.db","gx:NTN4","gx"
"gx:MEX3A","gx:MEX3A","MEX3A","MEX3A","mex-3 RNA binding family member A","1q22","org.Hs.eg.db","gx:MEX3A","gx"
"gx:SEMA3C","gx:SEMA3C","SEMA3C","SEMA3C","semaphorin 3C","7q21.11","org.Hs.eg.db","gx:SEMA3C","gx"
"gx:ALCAM","gx:ALCAM","ALCAM","ALCAM","activated leukocyte cell adhesion molecule","3q13.11","org.Hs.eg.db","gx:ALCAM","gx"
"gx:TTC39A","gx:TTC39A","TTC39A","TTC39A","tetratricopeptide repeat domain 39A","1p32.3","org.Hs.eg.db","gx:TTC39A","gx"
"gx:POSTN","gx:POSTN","POSTN","POSTN","periostin","13q13.3","org.Hs.eg.db","gx:POSTN","gx"
"gx:PREX1","gx:PREX1","PREX1","PREX1","phosphatidylinositol-3,4,5-trisphosphate dependent Rac exchange factor 1","20q13.13","org.Hs.eg.db","gx:PREX1","gx"
"gx:FLJ23867","gx:FLJ23867","FLJ23867","FLJ23867",NA,NA,"org.Hs.eg.db","gx:FLJ23867","gx"
"gx:GPC4","gx:GPC4","GPC4","GPC4","glypican 4","Xq26.2","org.Hs.eg.db","gx:GPC4","gx"
"gx:ZNF552","gx:ZNF552","ZNF552","ZNF552","zinc finger protein 552","19q13.43","org.Hs.eg.db","gx:ZNF552","gx"
"gx:CSF3R","gx:CSF3R","CSF3R","CSF3R","colony stimulating factor 3 receptor","1p34.3","org.Hs.eg.db","gx:CSF3R","gx"
"gx:EGLN3","gx:EGLN3","EGLN3","EGLN3","egl-9 family hypoxia inducible factor 3","14q13.1","org.Hs.eg.db","gx:EGLN3","gx"
"gx:SEMA5A","gx:SEMA5A","SEMA5A","SEMA5A","semaphorin 5A","5p15.31","org.Hs.eg.db","gx:SEMA5A","gx"
"gx:AKAP12","gx:AKAP12","AKAP12","AKAP12","A-kinase anchoring protein 12","6q25.1","org.Hs.eg.db","gx:AKAP12","gx"
"gx:IFIT3","gx:IFIT3","IFIT3","IFIT3","interferon induced protein with tetratricopeptide repeats 3","10q23.31","org.Hs.eg.db","gx:IFIT3","gx"
"gx:LMO4","gx:LMO4","LMO4","LMO4","LIM domain only 4","1p22.3","org.Hs.eg.db","gx:LMO4","gx"
"gx:RUNX3","gx:RUNX3","RUNX3","RUNX3","RUNX family transcription factor 3","1p36.11","org.Hs.eg.db","gx:RUNX3","gx"
"gx:RGS1","gx:RGS1","RGS1","RGS1","regulator of G protein signaling 1","1q31.2","org.Hs.eg.db","gx:RGS1","gx"
"gx:NDRG2","gx:NDRG2","NDRG2","NDRG2","NDRG family member 2","14q11.2","org.Hs.eg.db","gx:NDRG2","gx"
"gx:MT1X","gx:MT1X","MT1X","MT1X","metallothionein 1X","16q13","org.Hs.eg.db","gx:MT1X","gx"
"gx:ASPM","gx:ASPM","ASPM","ASPM","assembly factor for spindle microtubules","1q31.3","org.Hs.eg.db","gx:ASPM","gx"
"gx:CCDC80","gx:CCDC80","CCDC80","CCDC80","coiled-coil domain containing 80","3q13.2","org.Hs.eg.db","gx:CCDC80","gx"
"gx:CXCL12","gx:CXCL12","CXCL12","CXCL12","C-X-C motif chemokine ligand 12","10q11.21","org.Hs.eg.db","gx:CXCL12","gx"
"gx:BOC","gx:BOC","BOC","BOC","BOC cell adhesion associated, oncogene regulated","3q13.2","org.Hs.eg.db","gx:BOC","gx"
"gx:SAMD9L","gx:SAMD9L","SAMD9L","SAMD9L","sterile alpha motif domain containing 9 like","7q21.2","org.Hs.eg.db","gx:SAMD9L","gx"
"gx:CSRP2","gx:CSRP2","CSRP2","CSRP2","cysteine and glycine rich protein 2","12q21.2","org.Hs.eg.db","gx:CSRP2","gx"
"gx:KIF13B","gx:KIF13B","KIF13B","KIF13B","kinesin family member 13B","8p12","org.Hs.eg.db","gx:KIF13B","gx"
"gx:RHOU","gx:RHOU","RHOU","RHOU","ras homolog family member U","1q42.13","org.Hs.eg.db","gx:RHOU","gx"
"gx:EPHB3","gx:EPHB3","EPHB3","EPHB3","EPH receptor B3","3q27.1","org.Hs.eg.db","gx:EPHB3","gx"
"gx:CTSK","gx:CTSK","CTSK","CTSK","cathepsin K","1q21.3","org.Hs.eg.db","gx:CTSK","gx"
"gx:CDK18","gx:CDK18","CDK18","CDK18","cyclin dependent kinase 18","1q32.1","org.Hs.eg.db","gx:CDK18","gx"
"gx:TANC2","gx:TANC2","TANC2","TANC2","tetratricopeptide repeat, ankyrin repeat and coiled-coil containing 2","17q23.2-q23.3","org.Hs.eg.db","gx:TANC2","gx"
"gx:PLEKHA4","gx:PLEKHA4","PLEKHA4","PLEKHA4","pleckstrin homology domain containing A4","19q13.33","org.Hs.eg.db","gx:PLEKHA4","gx"
"gx:LIMD2","gx:LIMD2","LIMD2","LIMD2","LIM domain containing 2","17q23.3","org.Hs.eg.db","gx:LIMD2","gx"
"gx:SDC1","gx:SDC1","SDC1","SDC1","syndecan 1","2p24.1","org.Hs.eg.db","gx:SDC1","gx"
"gx:SNED1","gx:SNED1","SNED1","SNED1","sushi, nidogen and EGF like domains 1","2q37.3","org.Hs.eg.db","gx:SNED1","gx"
"gx:CCNA2","gx:CCNA2","CCNA2","CCNA2","cyclin A2","4q27","org.Hs.eg.db","gx:CCNA2","gx"
"gx:HIST1H2BK","gx:HIST1H2BK","HIST1H2BK","HIST1H2BK",NA,NA,"org.Hs.eg.db","gx:HIST1H2BK","gx"
"gx:NCOA7","gx:NCOA7","NCOA7","NCOA7","nuclear receptor coactivator 7","6q22.31-q22.32","org.Hs.eg.db","gx:NCOA7","gx"
"gx:E2F1","gx:E2F1","E2F1","E2F1","E2F transcription factor 1","20q11.22","org.Hs.eg.db","gx:E2F1","gx"
"gx:WWC2","gx:WWC2","WWC2","WWC2","WW and C2 domain containing 2","4q35.1","org.Hs.eg.db","gx:WWC2","gx"
"gx:CBR1","gx:CBR1","CBR1","CBR1","carbonyl reductase 1","21q22.12","org.Hs.eg.db","gx:CBR1","gx"
"gx:ITPR2","gx:ITPR2","ITPR2","ITPR2","inositol 1,4,5-trisphosphate receptor type 2","12p11.23","org.Hs.eg.db","gx:ITPR2","gx"
"gx:HTRA1","gx:HTRA1","HTRA1","HTRA1","HtrA serine peptidase 1","10q26.13","org.Hs.eg.db","gx:HTRA1","gx"
"gx:AGL","gx:AGL","AGL","AGL","amylo-alpha-1, 6-glucosidase, 4-alpha-glucanotransferase","1p21.2","org.Hs.eg.db","gx:AGL","gx"
"gx:C4orf34","gx:C4orf34","C4orf34","C4orf34",NA,NA,"org.Hs.eg.db","gx:C4orf34","gx"
"gx:PLCD4","gx:PLCD4","PLCD4","PLCD4","phospholipase C delta 4","2q35","org.Hs.eg.db","gx:PLCD4","gx"
"gx:IL1R1","gx:IL1R1","IL1R1","IL1R1","interleukin 1 receptor type 1","2q11.2-q12.1","org.Hs.eg.db","gx:IL1R1","gx"
"gx:COL6A1","gx:COL6A1","COL6A1","COL6A1","collagen type VI alpha 1 chain","21q22.3","org.Hs.eg.db","gx:COL6A1","gx"
"gx:KDM4B","gx:KDM4B","KDM4B","KDM4B","lysine demethylase 4B","19p13.3","org.Hs.eg.db","gx:KDM4B","gx"
"gx:LAPTM4B","gx:LAPTM4B","LAPTM4B","LAPTM4B","lysosomal protein transmembrane 4 beta","8q22.1","org.Hs.eg.db","gx:LAPTM4B","gx"
"gx:RTN2","gx:RTN2","RTN2","RTN2","reticulon 2","19q13.32","org.Hs.eg.db","gx:RTN2","gx"
"gx:MEGF9","gx:MEGF9","MEGF9","MEGF9","multiple EGF like domains 9","9q33.2","org.Hs.eg.db","gx:MEGF9","gx"
"gx:DEPDC6","gx:DEPDC6","DEPDC6","DEPDC6",NA,NA,"org.Hs.eg.db","gx:DEPDC6","gx"
"gx:FUT8","gx:FUT8","FUT8","FUT8","fucosyltransferase 8","14q23.3","org.Hs.eg.db","gx:FUT8","gx"
"gx:CBX6","gx:CBX6","CBX6","CBX6","chromobox 6","22q13.1","org.Hs.eg.db","gx:CBX6","gx"
"gx:S100A16","gx:S100A16","S100A16","S100A16","S100 calcium binding protein A16","1q21.3","org.Hs.eg.db","gx:S100A16","gx"
"gx:IFITM2","gx:IFITM2","IFITM2","IFITM2","interferon induced transmembrane protein 2","11p15.5","org.Hs.eg.db","gx:IFITM2","gx"
"gx:TOB1","gx:TOB1","TOB1","TOB1","transducer of ERBB2, 1","17q21.33","org.Hs.eg.db","gx:TOB1","gx"
"gx:FMNL2","gx:FMNL2","FMNL2","FMNL2","formin like 2","2q23.3","org.Hs.eg.db","gx:FMNL2","gx"
"gx:LASS4","gx:LASS4","LASS4","LASS4",NA,NA,"org.Hs.eg.db","gx:LASS4","gx"
"gx:C18orf1","gx:C18orf1","C18orf1","C18orf1",NA,NA,"org.Hs.eg.db","gx:C18orf1","gx"
"gx:NES","gx:NES","NES","NES","nestin","1q23.1","org.Hs.eg.db","gx:NES","gx"
"gx:HLA-H","gx:HLA-H","HLA-H","HLA-H","major histocompatibility complex, class I, H (pseudogene)","6p22.1","org.Hs.eg.db","gx:HLA-H","gx"
"gx:CDCP1","gx:CDCP1","CDCP1","CDCP1","CUB domain containing protein 1","3p21.31","org.Hs.eg.db","gx:CDCP1","gx"
"gx:OGFRL1","gx:OGFRL1","OGFRL1","OGFRL1","opioid growth factor receptor like 1","6q13","org.Hs.eg.db","gx:OGFRL1","gx"
"gx:DPYD","gx:DPYD","DPYD","DPYD","dihydropyrimidine dehydrogenase","1p21.3","org.Hs.eg.db","gx:DPYD","gx"
"gx:IGSF3","gx:IGSF3","IGSF3","IGSF3","immunoglobulin superfamily member 3","1p13.1","org.Hs.eg.db","gx:IGSF3","gx"
"gx:PLCD3","gx:PLCD3","PLCD3","PLCD3","phospholipase C delta 3","17q21.31","org.Hs.eg.db","gx:PLCD3","gx"
"gx:SLC19A2","gx:SLC19A2","SLC19A2","SLC19A2","solute carrier family 19 member 2","1q24.2","org.Hs.eg.db","gx:SLC19A2","gx"
"gx:ZEB1","gx:ZEB1","ZEB1","ZEB1","zinc finger E-box binding homeobox 1","10p11.22","org.Hs.eg.db","gx:ZEB1","gx"
"gx:TAGLN","gx:TAGLN","TAGLN","TAGLN","transgelin","11q23.3","org.Hs.eg.db","gx:TAGLN","gx"
"gx:SLC43A3","gx:SLC43A3","SLC43A3","SLC43A3","solute carrier family 43 member 3","11q12.1","org.Hs.eg.db","gx:SLC43A3","gx"
"gx:ELP2","gx:ELP2","ELP2","ELP2","elongator acetyltransferase complex subunit 2","18q12.2","org.Hs.eg.db","gx:ELP2","gx"
"gx:ADAMTS4","gx:ADAMTS4","ADAMTS4","ADAMTS4","ADAM metallopeptidase with thrombospondin type 1 motif 4","1q23.3","org.Hs.eg.db","gx:ADAMTS4","gx"
"gx:DOCK8","gx:DOCK8","DOCK8","DOCK8","dedicator of cytokinesis 8","9p24.3","org.Hs.eg.db","gx:DOCK8","gx"
"gx:S1PR3","gx:S1PR3","S1PR3","S1PR3","sphingosine-1-phosphate receptor 3","9q22.1","org.Hs.eg.db","gx:S1PR3","gx"
"gx:IGSF9","gx:IGSF9","IGSF9","IGSF9","immunoglobulin superfamily member 9","1q23.2","org.Hs.eg.db","gx:IGSF9","gx"
"gx:LRIG1","gx:LRIG1","LRIG1","LRIG1","leucine rich repeats and immunoglobulin like domains 1","3p14.1","org.Hs.eg.db","gx:LRIG1","gx"
"gx:MRVI1","gx:MRVI1","MRVI1","MRVI1",NA,NA,"org.Hs.eg.db","gx:MRVI1","gx"
"gx:C1QB","gx:C1QB","C1QB","C1QB","complement C1q B chain","1p36.12","org.Hs.eg.db","gx:C1QB","gx"
"gx:C11orf52","gx:C11orf52","C11orf52","C11orf52","chromosome 11 open reading frame 52","11q23.1","org.Hs.eg.db","gx:C11orf52","gx"
"gx:LEF1","gx:LEF1","LEF1","LEF1","lymphoid enhancer binding factor 1","4q25","org.Hs.eg.db","gx:LEF1","gx"
"gx:IFIH1","gx:IFIH1","IFIH1","IFIH1","interferon induced with helicase C domain 1","2q24.2","org.Hs.eg.db","gx:IFIH1","gx"
"gx:GINS2","gx:GINS2","GINS2","GINS2","GINS complex subunit 2","16q24.1","org.Hs.eg.db","gx:GINS2","gx"
"gx:OCLN","gx:OCLN","OCLN","OCLN","occludin","5q13.2","org.Hs.eg.db","gx:OCLN","gx"
"gx:FAM63A","gx:FAM63A","FAM63A","FAM63A",NA,NA,"org.Hs.eg.db","gx:FAM63A","gx"
"gx:MAP3K1","gx:MAP3K1","MAP3K1","MAP3K1","mitogen-activated protein kinase kinase kinase 1","5q11.2","org.Hs.eg.db","gx:MAP3K1","gx"
"gx:AHR","gx:AHR","AHR","AHR","aryl hydrocarbon receptor","7p21.1","org.Hs.eg.db","gx:AHR","gx"
"gx:MTL5","gx:MTL5","MTL5","MTL5",NA,NA,"org.Hs.eg.db","gx:MTL5","gx"
"gx:NME3","gx:NME3","NME3","NME3","NME/NM23 nucleoside diphosphate kinase 3","16p13.3","org.Hs.eg.db","gx:NME3","gx"
"gx:ARL4C","gx:ARL4C","ARL4C","ARL4C","ADP ribosylation factor like GTPase 4C","2q37.1","org.Hs.eg.db","gx:ARL4C","gx"
"gx:HDAC11","gx:HDAC11","HDAC11","HDAC11","histone deacetylase 11","3p25.1","org.Hs.eg.db","gx:HDAC11","gx"
"gx:ALOX5","gx:ALOX5","ALOX5","ALOX5","arachidonate 5-lipoxygenase","10q11.21","org.Hs.eg.db","gx:ALOX5","gx"
"gx:C1orf38","gx:C1orf38","C1orf38","C1orf38",NA,NA,"org.Hs.eg.db","gx:C1orf38","gx"
"gx:C6orf192","gx:C6orf192","C6orf192","C6orf192",NA,NA,"org.Hs.eg.db","gx:C6orf192","gx"
"gx:YPEL2","gx:YPEL2","YPEL2","YPEL2","yippee like 2","17q22","org.Hs.eg.db","gx:YPEL2","gx"
"gx:APBB1IP","gx:APBB1IP","APBB1IP","APBB1IP","amyloid beta precursor protein binding family B member 1 interacting protein","10p12.1","org.Hs.eg.db","gx:APBB1IP","gx"
"gx:GAS6","gx:GAS6","GAS6","GAS6","growth arrest specific 6","13q34","org.Hs.eg.db","gx:GAS6","gx"
"gx:FZD4","gx:FZD4","FZD4","FZD4","frizzled class receptor 4","11q14.2","org.Hs.eg.db","gx:FZD4","gx"
"gx:RTKN2","gx:RTKN2","RTKN2","RTKN2","rhotekin 2","10q21.2","org.Hs.eg.db","gx:RTKN2","gx"
"gx:ASPH","gx:ASPH","ASPH","ASPH","aspartate beta-hydroxylase","8q12.3","org.Hs.eg.db","gx:ASPH","gx"
"gx:RBL1","gx:RBL1","RBL1","RBL1","RB transcriptional corepressor like 1","20q11.23","org.Hs.eg.db","gx:RBL1","gx"
"gx:CCDC113","gx:CCDC113","CCDC113","CCDC113",NA,NA,"org.Hs.eg.db","gx:CCDC113","gx"
"gx:PBX1","gx:PBX1","PBX1","PBX1","PBX homeobox 1","1q23.3","org.Hs.eg.db","gx:PBX1","gx"
"gx:CCDC64B","gx:CCDC64B","CCDC64B","CCDC64B",NA,NA,"org.Hs.eg.db","gx:CCDC64B","gx"
"gx:ACADS","gx:ACADS","ACADS","ACADS","acyl-CoA dehydrogenase short chain","12q24.31","org.Hs.eg.db","gx:ACADS","gx"
"gx:PRKCDBP","gx:PRKCDBP","PRKCDBP","PRKCDBP",NA,NA,"org.Hs.eg.db","gx:PRKCDBP","gx"
"gx:SGPP1","gx:SGPP1","SGPP1","SGPP1","sphingosine-1-phosphate phosphatase 1","14q23.2","org.Hs.eg.db","gx:SGPP1","gx"
"gx:ALDH6A1","gx:ALDH6A1","ALDH6A1","ALDH6A1","aldehyde dehydrogenase 6 family member A1","14q24.3","org.Hs.eg.db","gx:ALDH6A1","gx"
"gx:LYN","gx:LYN","LYN","LYN","LYN proto-oncogene, Src family tyrosine kinase","8q12.1","org.Hs.eg.db","gx:LYN","gx"
"gx:FRMD6","gx:FRMD6","FRMD6","FRMD6","FERM domain containing 6","14q22.1","org.Hs.eg.db","gx:FRMD6","gx"
"gx:CERCAM","gx:CERCAM","CERCAM","CERCAM","cerebral endothelial cell adhesion molecule","9q34.11","org.Hs.eg.db","gx:CERCAM","gx"
"gx:ASF1B","gx:ASF1B","ASF1B","ASF1B","anti-silencing function 1B histone chaperone","19p13.12","org.Hs.eg.db","gx:ASF1B","gx"
"gx:QSOX1","gx:QSOX1","QSOX1","QSOX1","quiescin sulfhydryl oxidase 1","1q25.2","org.Hs.eg.db","gx:QSOX1","gx"
"gx:CPPED1","gx:CPPED1","CPPED1","CPPED1","calcineurin like phosphoesterase domain containing 1","16p13.12","org.Hs.eg.db","gx:CPPED1","gx"
"gx:SLC5A6","gx:SLC5A6","SLC5A6","SLC5A6","solute carrier family 5 member 6","2p23.3","org.Hs.eg.db","gx:SLC5A6","gx"
"gx:PTPRM","gx:PTPRM","PTPRM","PTPRM","protein tyrosine phosphatase receptor type M","18p11.23","org.Hs.eg.db","gx:PTPRM","gx"
"gx:KCNAB2","gx:KCNAB2","KCNAB2","KCNAB2","potassium voltage-gated channel subfamily A regulatory beta subunit 2","1p36.31","org.Hs.eg.db","gx:KCNAB2","gx"
"gx:FGD5","gx:FGD5","FGD5","FGD5","FYVE, RhoGEF and PH domain containing 5","3p25.1","org.Hs.eg.db","gx:FGD5","gx"
"gx:PVRL4","gx:PVRL4","PVRL4","PVRL4",NA,NA,"org.Hs.eg.db","gx:PVRL4","gx"
"gx:GMDS","gx:GMDS","GMDS","GMDS","GDP-mannose 4,6-dehydratase","6p25.3","org.Hs.eg.db","gx:GMDS","gx"
"gx:MED13L","gx:MED13L","MED13L","MED13L","mediator complex subunit 13L","12q24.21","org.Hs.eg.db","gx:MED13L","gx"
"gx:SNORA8","gx:SNORA8","SNORA8","SNORA8","small nucleolar RNA, H/ACA box 8","11q21","org.Hs.eg.db","gx:SNORA8","gx"
"gx:CAMK2D","gx:CAMK2D","CAMK2D","CAMK2D","calcium/calmodulin dependent protein kinase II delta","4q26","org.Hs.eg.db","gx:CAMK2D","gx"
"gx:EIF4EBP3","gx:EIF4EBP3","EIF4EBP3","EIF4EBP3","eukaryotic translation initiation factor 4E binding protein 3","5q31.3","org.Hs.eg.db","gx:EIF4EBP3","gx"
"gx:DBP","gx:DBP","DBP","DBP","D-box binding PAR bZIP transcription factor","19q13.33","org.Hs.eg.db","gx:DBP","gx"
"gx:KRT8","gx:KRT8","KRT8","KRT8","keratin 8","12q13.13","org.Hs.eg.db","gx:KRT8","gx"
"gx:CSF1R","gx:CSF1R","CSF1R","CSF1R","colony stimulating factor 1 receptor","5q32","org.Hs.eg.db","gx:CSF1R","gx"
"gx:TNFRSF12A","gx:TNFRSF12A","TNFRSF12A","TNFRSF12A","TNF receptor superfamily member 12A","16p13.3","org.Hs.eg.db","gx:TNFRSF12A","gx"
"gx:SNHG1","gx:SNHG1","SNHG1","SNHG1","small nucleolar RNA host gene 1","11q12.3","org.Hs.eg.db","gx:SNHG1","gx"
"gx:NCF4","gx:NCF4","NCF4","NCF4","neutrophil cytosolic factor 4","22q12.3","org.Hs.eg.db","gx:NCF4","gx"
"gx:SQLE","gx:SQLE","SQLE","SQLE","squalene epoxidase","8q24.13","org.Hs.eg.db","gx:SQLE","gx"
"gx:DSG2","gx:DSG2","DSG2","DSG2","desmoglein 2","18q12.1","org.Hs.eg.db","gx:DSG2","gx"
"gx:COL15A1","gx:COL15A1","COL15A1","COL15A1","collagen type XV alpha 1 chain","9q22.33","org.Hs.eg.db","gx:COL15A1","gx"
"gx:PLAUR","gx:PLAUR","PLAUR","PLAUR","plasminogen activator, urokinase receptor","19q13.31","org.Hs.eg.db","gx:PLAUR","gx"
"gx:SLCO3A1","gx:SLCO3A1","SLCO3A1","SLCO3A1","solute carrier organic anion transporter family member 3A1","15q26.1","org.Hs.eg.db","gx:SLCO3A1","gx"
"gx:PLSCR1","gx:PLSCR1","PLSCR1","PLSCR1","phospholipid scramblase 1","3q24","org.Hs.eg.db","gx:PLSCR1","gx"
"gx:CNN2","gx:CNN2","CNN2","CNN2","calponin 2","19p13.3","org.Hs.eg.db","gx:CNN2","gx"
"gx:BSPRY","gx:BSPRY","BSPRY","BSPRY","B-box and SPRY domain containing","9q32","org.Hs.eg.db","gx:BSPRY","gx"
"gx:MANSC1","gx:MANSC1","MANSC1","MANSC1","MANSC domain containing 1","12p13.2","org.Hs.eg.db","gx:MANSC1","gx"
"gx:PSIP1","gx:PSIP1","PSIP1","PSIP1","PC4 and SRSF1 interacting protein 1","9p22.3","org.Hs.eg.db","gx:PSIP1","gx"
"gx:JAM3","gx:JAM3","JAM3","JAM3","junctional adhesion molecule 3","11q25","org.Hs.eg.db","gx:JAM3","gx"
"gx:SNX10","gx:SNX10","SNX10","SNX10","sorting nexin 10","7p15.2","org.Hs.eg.db","gx:SNX10","gx"
"gx:TCF4","gx:TCF4","TCF4","TCF4","transcription factor 4","18q21.2","org.Hs.eg.db","gx:TCF4","gx"
"gx:HN1","gx:HN1","HN1","HN1",NA,NA,"org.Hs.eg.db","gx:HN1","gx"
"gx:SIGIRR","gx:SIGIRR","SIGIRR","SIGIRR","single Ig and TIR domain containing","11p15.5","org.Hs.eg.db","gx:SIGIRR","gx"
"gx:TBXAS1","gx:TBXAS1","TBXAS1","TBXAS1","thromboxane A synthase 1","7q34","org.Hs.eg.db","gx:TBXAS1","gx"
"gx:TST","gx:TST","TST","TST","thiosulfate sulfurtransferase","22q12.3","org.Hs.eg.db","gx:TST","gx"
"gx:C1orf162","gx:C1orf162","C1orf162","C1orf162","chromosome 1 open reading frame 162","1p13.2","org.Hs.eg.db","gx:C1orf162","gx"
"gx:PRNP","gx:PRNP","PRNP","PRNP","prion protein (Kanno blood group)","20p13","org.Hs.eg.db","gx:PRNP","gx"
"gx:ICAM2","gx:ICAM2","ICAM2","ICAM2","intercellular adhesion molecule 2","17q23.3","org.Hs.eg.db","gx:ICAM2","gx"
"gx:GK","gx:GK","GK","GK","glycerol kinase","Xp21.2","org.Hs.eg.db","gx:GK","gx"
"gx:CD302","gx:CD302","CD302","CD302","CD302 molecule","2q24.2","org.Hs.eg.db","gx:CD302","gx"
"gx:PROM2","gx:PROM2","PROM2","PROM2","prominin 2","2q11.1","org.Hs.eg.db","gx:PROM2","gx"
"gx:SEMA4A","gx:SEMA4A","SEMA4A","SEMA4A","semaphorin 4A","1q22","org.Hs.eg.db","gx:SEMA4A","gx"
"gx:TRIM45","gx:TRIM45","TRIM45","TRIM45","tripartite motif containing 45","1p13.1","org.Hs.eg.db","gx:TRIM45","gx"
"gx:TP53INP2","gx:TP53INP2","TP53INP2","TP53INP2","tumor protein p53 inducible nuclear protein 2","20q11.22","org.Hs.eg.db","gx:TP53INP2","gx"
"gx:ZNRF3","gx:ZNRF3","ZNRF3","ZNRF3","zinc and ring finger 3","22q12.1","org.Hs.eg.db","gx:ZNRF3","gx"
"gx:ZKSCAN1","gx:ZKSCAN1","ZKSCAN1","ZKSCAN1","zinc finger with KRAB and SCAN domains 1","7q22.1","org.Hs.eg.db","gx:ZKSCAN1","gx"
"gx:WDR76","gx:WDR76","WDR76","WDR76","WD repeat domain 76","15q15.3","org.Hs.eg.db","gx:WDR76","gx"
"gx:SKAP2","gx:SKAP2","SKAP2","SKAP2","src kinase associated phosphoprotein 2","7p15.2","org.Hs.eg.db","gx:SKAP2","gx"
"gx:TBC1D4","gx:TBC1D4","TBC1D4","TBC1D4","TBC1 domain family member 4","13q22.2","org.Hs.eg.db","gx:TBC1D4","gx"
"gx:CPT1A","gx:CPT1A","CPT1A","CPT1A","carnitine palmitoyltransferase 1A","11q13.3","org.Hs.eg.db","gx:CPT1A","gx"
"gx:AKAP9","gx:AKAP9","AKAP9","AKAP9","A-kinase anchoring protein 9","7q21.2","org.Hs.eg.db","gx:AKAP9","gx"
"gx:ZNF37B","gx:ZNF37B","ZNF37B","ZNF37B",NA,NA,"org.Hs.eg.db","gx:ZNF37B","gx"
"gx:STAT5A","gx:STAT5A","STAT5A","STAT5A","signal transducer and activator of transcription 5A","17q21.2","org.Hs.eg.db","gx:STAT5A","gx"
"gx:MAPRE2","gx:MAPRE2","MAPRE2","MAPRE2","microtubule associated protein RP/EB family member 2","18q12.1-q12.2","org.Hs.eg.db","gx:MAPRE2","gx"
"gx:ILDR1","gx:ILDR1","ILDR1","ILDR1","immunoglobulin like domain containing receptor 1","3q13.33","org.Hs.eg.db","gx:ILDR1","gx"
"gx:SHROOM3","gx:SHROOM3","SHROOM3","SHROOM3","shroom family member 3","4q21.1","org.Hs.eg.db","gx:SHROOM3","gx"
"gx:GIYD2","gx:GIYD2","GIYD2","GIYD2",NA,NA,"org.Hs.eg.db","gx:GIYD2","gx"
"gx:SDC4","gx:SDC4","SDC4","SDC4","syndecan 4","20q13.12","org.Hs.eg.db","gx:SDC4","gx"
"gx:TTC23","gx:TTC23","TTC23","TTC23","tetratricopeptide repeat domain 23","15q26.3","org.Hs.eg.db","gx:TTC23","gx"
"gx:RAB3IL1","gx:RAB3IL1","RAB3IL1","RAB3IL1","RAB3A interacting protein like 1","11q12.2-q12.3","org.Hs.eg.db","gx:RAB3IL1","gx"
"gx:FAM13A","gx:FAM13A","FAM13A","FAM13A","family with sequence similarity 13 member A","4q22.1","org.Hs.eg.db","gx:FAM13A","gx"
"gx:DTWD2","gx:DTWD2","DTWD2","DTWD2","DTW domain containing 2","5q23.1","org.Hs.eg.db","gx:DTWD2","gx"
"gx:EMP3","gx:EMP3","EMP3","EMP3","epithelial membrane protein 3 (MAM blood group)","19q13.33","org.Hs.eg.db","gx:EMP3","gx"
"gx:RIN3","gx:RIN3","RIN3","RIN3","Ras and Rab interactor 3","14q32.12","org.Hs.eg.db","gx:RIN3","gx"
"gx:NRARP","gx:NRARP","NRARP","NRARP","NOTCH regulated ankyrin repeat protein","9q34.3","org.Hs.eg.db","gx:NRARP","gx"
"gx:FLI1","gx:FLI1","FLI1","FLI1","Fli-1 proto-oncogene, ETS transcription factor","11q24.3","org.Hs.eg.db","gx:FLI1","gx"
"gx:ICA1","gx:ICA1","ICA1","ICA1","islet cell autoantigen 1","7p21.3","org.Hs.eg.db","gx:ICA1","gx"
"gx:TIGD5","gx:TIGD5","TIGD5","TIGD5","tigger transposable element derived 5","8q24.3","org.Hs.eg.db","gx:TIGD5","gx"
"gx:MXI1","gx:MXI1","MXI1","MXI1","MAX interactor 1, dimerization protein","10q25.2","org.Hs.eg.db","gx:MXI1","gx"
"gx:NME1","gx:NME1","NME1","NME1","NME/NM23 nucleoside diphosphate kinase 1","17q21.33","org.Hs.eg.db","gx:NME1","gx"
"gx:LRRC25","gx:LRRC25","LRRC25","LRRC25","leucine rich repeat containing 25","19p13.11","org.Hs.eg.db","gx:LRRC25","gx"
"gx:SLC43A2","gx:SLC43A2","SLC43A2","SLC43A2","solute carrier family 43 member 2","17p13.3","org.Hs.eg.db","gx:SLC43A2","gx"
"gx:AMN1","gx:AMN1","AMN1","AMN1","antagonist of mitotic exit network 1 homolog","12p11.21","org.Hs.eg.db","gx:AMN1","gx"
"gx:PTPRE","gx:PTPRE","PTPRE","PTPRE","protein tyrosine phosphatase receptor type E","10q26.2","org.Hs.eg.db","gx:PTPRE","gx"
"gx:ZNF680","gx:ZNF680","ZNF680","ZNF680","zinc finger protein 680","7q11.21","org.Hs.eg.db","gx:ZNF680","gx"
"gx:DNLZ","gx:DNLZ","DNLZ","DNLZ","DNL-type zinc finger","9q34.3","org.Hs.eg.db","gx:DNLZ","gx"
"gx:IL4R","gx:IL4R","IL4R","IL4R","interleukin 4 receptor","16p12.1","org.Hs.eg.db","gx:IL4R","gx"
"gx:EIF2AK2","gx:EIF2AK2","EIF2AK2","EIF2AK2","eukaryotic translation initiation factor 2 alpha kinase 2","2p22.2","org.Hs.eg.db","gx:EIF2AK2","gx"
"gx:SH3KBP1","gx:SH3KBP1","SH3KBP1","SH3KBP1","SH3 domain containing kinase binding protein 1","Xp22.12","org.Hs.eg.db","gx:SH3KBP1","gx"
"gx:C7orf55","gx:C7orf55","C7orf55","C7orf55",NA,NA,"org.Hs.eg.db","gx:C7orf55","gx"
"gx:NCAPG2","gx:NCAPG2","NCAPG2","NCAPG2","non-SMC condensin II complex subunit G2","7q36.3","org.Hs.eg.db","gx:NCAPG2","gx"
"gx:AMPD3","gx:AMPD3","AMPD3","AMPD3","adenosine monophosphate deaminase 3","11p15.4","org.Hs.eg.db","gx:AMPD3","gx"
"gx:IRF5","gx:IRF5","IRF5","IRF5","interferon regulatory factor 5","7q32.1","org.Hs.eg.db","gx:IRF5","gx"
"gx:ETS2","gx:ETS2","ETS2","ETS2","ETS proto-oncogene 2, transcription factor","21q22.2","org.Hs.eg.db","gx:ETS2","gx"
"px:ER-alpha","px:ER-alpha","ER-alpha","ER-alpha",NA,NA,"org.Hs.eg.db","px:ER-alpha","px"
"px:PR","px:PR","PR","PR",NA,NA,"org.Hs.eg.db","px:PR","px"
"px:SCD1","px:SCD1","SCD1","SCD1",NA,NA,"org.Hs.eg.db","px:SCD1","px"
"px:Caveolin-1","px:Caveolin-1","Caveolin-1","Caveolin-1",NA,NA,"org.Hs.eg.db","px:Caveolin-1","px"
"px:PDCD4","px:PDCD4","PDCD4","PDCD4","programmed cell death 4","10q25.2","org.Hs.eg.db","px:PDCD4","px"
"px:Collagen_VI","px:Collagen_VI","Collagen_VI","Collagen_VI",NA,NA,"org.Hs.eg.db","px:Collagen_VI","px"
"px:GATA3","px:GATA3","GATA3","GATA3","GATA binding protein 3","10p14","org.Hs.eg.db","px:GATA3","px"
"px:MAPK_pT202_Y204","px:MAPK_pT202_Y204","MAPK_pT202_Y204","MAPK_pT202_Y204",NA,NA,"org.Hs.eg.db","px:MAPK_pT202_Y204","px"
"px:HER2","px:HER2","HER2","HER2",NA,NA,"org.Hs.eg.db","px:HER2","px"
"px:Cyclin_B1","px:Cyclin_B1","Cyclin_B1","Cyclin_B1",NA,NA,"org.Hs.eg.db","px:Cyclin_B1","px"
"px:HSP70","px:HSP70","HSP70","HSP70",NA,NA,"org.Hs.eg.db","px:HSP70","px"
"px:E-Cadherin","px:E-Cadherin","E-Cadherin","E-Cadherin",NA,NA,"org.Hs.eg.db","px:E-Cadherin","px"
"px:EGFR_pY1068","px:EGFR_pY1068","EGFR","EGFR","epidermal growth factor receptor","7p11.2","org.Hs.eg.db","px:EGFR_pY1068","px"
"px:Fibronectin","px:Fibronectin","Fibronectin","Fibronectin",NA,NA,"org.Hs.eg.db","px:Fibronectin","px"
"px:Bcl-2","px:Bcl-2","Bcl-2","Bcl-2",NA,NA,"org.Hs.eg.db","px:Bcl-2","px"
"px:c-Kit","px:c-Kit","c-Kit","c-Kit",NA,NA,"org.Hs.eg.db","px:c-Kit","px"
"px:AR","px:AR","AR","AR","androgen receptor","Xq12","org.Hs.eg.db","px:AR","px"
"px:IGFBP2","px:IGFBP2","IGFBP2","IGFBP2","insulin like growth factor binding protein 2","2q35","org.Hs.eg.db","px:IGFBP2","px"
"px:HER2_pY1248","px:HER2_pY1248","HER2_pY1248","HER2_pY1248",NA,NA,"org.Hs.eg.db","px:HER2_pY1248","px"
"px:Claudin-7","px:Claudin-7","Claudin-7","Claudin-7",NA,NA,"org.Hs.eg.db","px:Claudin-7","px"
"px:Caspase-7_cleavedD198","px:Caspase-7_cleavedD198","Caspase-7_cleavedD198","Caspase-7_cleavedD198",NA,NA,"org.Hs.eg.db","px:Caspase-7_cleavedD198","px"
"px:Akt_pS473","px:Akt_pS473","Akt_pS473","Akt_pS473",NA,NA,"org.Hs.eg.db","px:Akt_pS473","px"
"px:PAI-1","px:PAI-1","PAI-1","PAI-1",NA,NA,"org.Hs.eg.db","px:PAI-1","px"
"px:GAB2","px:GAB2","GAB2","GAB2","GRB2 associated binding protein 2","11q14.1","org.Hs.eg.db","px:GAB2","px"
"px:ACC1","px:ACC1","ACC1","ACC1",NA,NA,"org.Hs.eg.db","px:ACC1","px"
"px:ACC_pS79","px:ACC_pS79","ACC_pS79","ACC_pS79",NA,NA,"org.Hs.eg.db","px:ACC_pS79","px"
"px:Annexin_I","px:Annexin_I","Annexin_I","Annexin_I",NA,NA,"org.Hs.eg.db","px:Annexin_I","px"
"px:STAT5-alpha","px:STAT5-alpha","STAT5-alpha","STAT5-alpha",NA,NA,"org.Hs.eg.db","px:STAT5-alpha","px"
"px:INPP4B","px:INPP4B","INPP4B","INPP4B","inositol polyphosphate-4-phosphatase type II B","4q31.21","org.Hs.eg.db","px:INPP4B","px"
"px:GSK3-alpha-beta_pS21_S9","px:GSK3-alpha-beta_pS21_S9","GSK3-alpha-beta_pS21_S9","GSK3-alpha-beta_pS21_S9",NA,NA,"org.Hs.eg.db","px:GSK3-alpha-beta_pS21_S9","px"
"px:Akt_pT308","px:Akt_pT308","Akt_pT308","Akt_pT308",NA,NA,"org.Hs.eg.db","px:Akt_pT308","px"
"px:4E-BP1_pT37","px:4E-BP1_pT37","4E-BP1_pT37","4E-BP1_pT37",NA,NA,"org.Hs.eg.db","px:4E-BP1_pT37","px"
"px:S6_pS235_S236","px:S6_pS235_S236","S6_pS235_S236","S6_pS235_S236",NA,NA,"org.Hs.eg.db","px:S6_pS235_S236","px"
"px:Syk","px:Syk","SYK","SYK","spleen associated tyrosine kinase","9q22.2","org.Hs.eg.db","px:Syk","px"
"px:VEGFR2","px:VEGFR2","VEGFR2","VEGFR2",NA,NA,"org.Hs.eg.db","px:VEGFR2","px"
"px:p53","px:p53","p53","p53",NA,NA,"org.Hs.eg.db","px:p53","px"
"px:ASNS","px:ASNS","ASNS","ASNS","asparagine synthetase (glutamine-hydrolyzing)","7q21.3","org.Hs.eg.db","px:ASNS","px"
"px:beta-Catenin","px:beta-Catenin","beta-Catenin","beta-Catenin",NA,NA,"org.Hs.eg.db","px:beta-Catenin","px"
"px:p70S6K","px:p70S6K","p70S6K","p70S6K",NA,NA,"org.Hs.eg.db","px:p70S6K","px"
"px:EGFR","px:EGFR","EGFR","EGFR","epidermal growth factor receptor","7p11.2","org.Hs.eg.db","px:EGFR","px"
"px:Rb_pS807_S811","px:Rb_pS807_S811","Rb_pS807_S811","Rb_pS807_S811",NA,NA,"org.Hs.eg.db","px:Rb_pS807_S811","px"
"px:Cyclin_E1","px:Cyclin_E1","Cyclin_E1","Cyclin_E1",NA,NA,"org.Hs.eg.db","px:Cyclin_E1","px"
"px:NF-kB-p65_pS536","px:NF-kB-p65_pS536","NF-kB-p65_pS536","NF-kB-p65_pS536",NA,NA,"org.Hs.eg.db","px:NF-kB-p65_pS536","px"
"px:Chk2_pT68","px:Chk2_pT68","Chk2_pT68","Chk2_pT68",NA,NA,"org.Hs.eg.db","px:Chk2_pT68","px"
"px:ERK2","px:ERK2","ERK2","ERK2",NA,NA,"org.Hs.eg.db","px:ERK2","px"
"px:Src_pY527","px:Src_pY527","SRC","SRC","SRC proto-oncogene, non-receptor tyrosine kinase","20q11.23","org.Hs.eg.db","px:Src_pY527","px"
"px:CD31","px:CD31","CD31","CD31",NA,NA,"org.Hs.eg.db","px:CD31","px"
"px:Shc_pY317","px:Shc_pY317","Shc_pY317","Shc_pY317",NA,NA,"org.Hs.eg.db","px:Shc_pY317","px"
"px:4E-BP1","px:4E-BP1","4E-BP1","4E-BP1",NA,NA,"org.Hs.eg.db","px:4E-BP1","px"
"px:AMPK_pT172","px:AMPK_pT172","AMPK_pT172","AMPK_pT172",NA,NA,"org.Hs.eg.db","px:AMPK_pT172","px"
"px:S6_pS240_S244","px:S6_pS240_S244","S6_pS240_S244","S6_pS240_S244",NA,NA,"org.Hs.eg.db","px:S6_pS240_S244","px"
"px:YAP_pS127","px:YAP_pS127","YAP_pS127","YAP_pS127",NA,NA,"org.Hs.eg.db","px:YAP_pS127","px"
"px:Lck","px:Lck","LCK","LCK","LCK proto-oncogene, Src family tyrosine kinase","1p35.2","org.Hs.eg.db","px:Lck","px"
"px:53BP1","px:53BP1","53BP1","53BP1",NA,NA,"org.Hs.eg.db","px:53BP1","px"
"px:RBM3","px:RBM3","RBM3","RBM3","RNA binding motif protein 3","Xp11.23","org.Hs.eg.db","px:RBM3","px"
"px:mTOR","px:mTOR","MTOR","MTOR","mechanistic target of rapamycin kinase","1p36.22","org.Hs.eg.db","px:mTOR","px"
"px:B-Raf","px:B-Raf","B-Raf","B-Raf",NA,NA,"org.Hs.eg.db","px:B-Raf","px"
"px:ATM","px:ATM","ATM","ATM","ATM serine/threonine kinase","11q22.3","org.Hs.eg.db","px:ATM","px"
"px:p38_pT180_Y182","px:p38_pT180_Y182","p38_pT180_Y182","p38_pT180_Y182",NA,NA,"org.Hs.eg.db","px:p38_pT180_Y182","px"
"px:Akt","px:Akt","Akt","Akt",NA,NA,"org.Hs.eg.db","px:Akt","px"
"px:Cyclin_D1","px:Cyclin_D1","Cyclin_D1","Cyclin_D1",NA,NA,"org.Hs.eg.db","px:Cyclin_D1","px"
"px:S6","px:S6","S6","S6",NA,NA,"org.Hs.eg.db","px:S6","px"
"px:ER-alpha_pS118","px:ER-alpha_pS118","ER-alpha_pS118","ER-alpha_pS118",NA,NA,"org.Hs.eg.db","px:ER-alpha_pS118","px"
"px:Chk2","px:Chk2","Chk2","Chk2",NA,NA,"org.Hs.eg.db","px:Chk2","px"
"px:Src_pY416","px:Src_pY416","SRC","SRC","SRC proto-oncogene, non-receptor tyrosine kinase","20q11.23","org.Hs.eg.db","px:Src_pY416","px"
"px:GSK3-alpha-beta","px:GSK3-alpha-beta","GSK3-alpha-beta","GSK3-alpha-beta",NA,NA,"org.Hs.eg.db","px:GSK3-alpha-beta","px"
"px:HER3","px:HER3","HER3","HER3",NA,NA,"org.Hs.eg.db","px:HER3","px"
"px:eEF2K","px:eEF2K","EEF2K","EEF2K","eukaryotic elongation factor 2 kinase","16p12.2","org.Hs.eg.db","px:eEF2K","px"
"px:Bim","px:Bim","Bim","Bim",NA,NA,"org.Hs.eg.db","px:Bim","px"
"px:PTEN","px:PTEN","PTEN","PTEN","phosphatase and tensin homolog","10q23.31","org.Hs.eg.db","px:PTEN","px"
"px:Ku80","px:Ku80","Ku80","Ku80",NA,NA,"org.Hs.eg.db","px:Ku80","px"
"px:Tuberin","px:Tuberin","Tuberin","Tuberin",NA,NA,"org.Hs.eg.db","px:Tuberin","px"
"px:P-Cadherin","px:P-Cadherin","P-Cadherin","P-Cadherin",NA,NA,"org.Hs.eg.db","px:P-Cadherin","px"
"px:DJ-1","px:DJ-1","DJ-1","DJ-1",NA,NA,"org.Hs.eg.db","px:DJ-1","px"
"px:p27","px:p27","p27","p27",NA,NA,"org.Hs.eg.db","px:p27","px"
"px:PKC-alpha_pS657","px:PKC-alpha_pS657","PKC-alpha_pS657","PKC-alpha_pS657",NA,NA,"org.Hs.eg.db","px:PKC-alpha_pS657","px"
"px:JNK_pT183_pT185","px:JNK_pT183_pT185","JNK_pT183_pT185","JNK_pT183_pT185",NA,NA,"org.Hs.eg.db","px:JNK_pT183_pT185","px"
"px:MEK1","px:MEK1","MEK1","MEK1",NA,NA,"org.Hs.eg.db","px:MEK1","px"
"px:Paxillin","px:Paxillin","Paxillin","Paxillin",NA,NA,"org.Hs.eg.db","px:Paxillin","px"
"px:alpha-Catenin","px:alpha-Catenin","alpha-Catenin","alpha-Catenin",NA,NA,"org.Hs.eg.db","px:alpha-Catenin","px"
"px:YB-1_pS102","px:YB-1_pS102","YB-1_pS102","YB-1_pS102",NA,NA,"org.Hs.eg.db","px:YB-1_pS102","px"
"px:p70S6K_pT389","px:p70S6K_pT389","p70S6K_pT389","p70S6K_pT389",NA,NA,"org.Hs.eg.db","px:p70S6K_pT389","px"
"px:JNK2","px:JNK2","JNK2","JNK2",NA,NA,"org.Hs.eg.db","px:JNK2","px"
"px:HER3_pY1289","px:HER3_pY1289","HER3_pY1289","HER3_pY1289",NA,NA,"org.Hs.eg.db","px:HER3_pY1289","px"
"px:PI3K-p110-alpha","px:PI3K-p110-alpha","PI3K-p110-alpha","PI3K-p110-alpha",NA,NA,"org.Hs.eg.db","px:PI3K-p110-alpha","px"
"px:STAT3_pY705","px:STAT3_pY705","STAT3","STAT3","signal transducer and activator of transcription 3","17q21.2","org.Hs.eg.db","px:STAT3_pY705","px"
"px:mTOR_pS2448","px:mTOR_pS2448","MTOR","MTOR","mechanistic target of rapamycin kinase","1p36.22","org.Hs.eg.db","px:mTOR_pS2448","px"
"px:PRDX1","px:PRDX1","PRDX1","PRDX1","peroxiredoxin 1","1p34.1","org.Hs.eg.db","px:PRDX1","px"
"px:PDK1_pS241","px:PDK1_pS241","PDK1","PDK1","pyruvate dehydrogenase kinase 1","2q31.1","org.Hs.eg.db","px:PDK1_pS241","px"
"px:Mre11","px:Mre11","MRE11","MRE11","MRE11 homolog, double strand break repair nuclease","11q21","org.Hs.eg.db","px:Mre11","px"
"px:Dvl3","px:Dvl3","DVL3","DVL3","dishevelled segment polarity protein 3","3q27.1","org.Hs.eg.db","px:Dvl3","px"
"px:CDK1","px:CDK1","CDK1","CDK1","cyclin dependent kinase 1","10q21.2","org.Hs.eg.db","px:CDK1","px"
"px:c-Met_pY1235","px:c-Met_pY1235","c-Met_pY1235","c-Met_pY1235",NA,NA,"org.Hs.eg.db","px:c-Met_pY1235","px"
"px:p90RSK_pT359_S363","px:p90RSK_pT359_S363","p90RSK_pT359_S363","p90RSK_pT359_S363",NA,NA,"org.Hs.eg.db","px:p90RSK_pT359_S363","px"
"px:YB-1","px:YB-1","YB-1","YB-1",NA,NA,"org.Hs.eg.db","px:YB-1","px"
"px:Stathmin","px:Stathmin","Stathmin","Stathmin",NA,NA,"org.Hs.eg.db","px:Stathmin","px"
"px:EGFR_pY1173","px:EGFR_pY1173","EGFR","EGFR","epidermal growth factor receptor","7p11.2","org.Hs.eg.db","px:EGFR_pY1173","px"
"px:Src","px:Src","SRC","SRC","SRC proto-oncogene, non-receptor tyrosine kinase","20q11.23","org.Hs.eg.db","px:Src","px"
"px:p27_pT198","px:p27_pT198","p27_pT198","p27_pT198",NA,NA,"org.Hs.eg.db","px:p27_pT198","px"
"px:XBP1","px:XBP1","XBP1","XBP1","X-box binding protein 1","22q12.1","org.Hs.eg.db","px:XBP1","px"
"px:N-Cadherin","px:N-Cadherin","N-Cadherin","N-Cadherin",NA,NA,"org.Hs.eg.db","px:N-Cadherin","px"
"px:CD49b","px:CD49b","CD49b","CD49b",NA,NA,"org.Hs.eg.db","px:CD49b","px"
"px:Pea-15","px:Pea-15","Pea-15","Pea-15",NA,NA,"org.Hs.eg.db","px:Pea-15","px"
"px:c-Myc","px:c-Myc","c-Myc","c-Myc",NA,NA,"org.Hs.eg.db","px:c-Myc","px"
"px:4E-BP1_pS65","px:4E-BP1_pS65","4E-BP1_pS65","4E-BP1_pS65",NA,NA,"org.Hs.eg.db","px:4E-BP1_pS65","px"
"px:PRAS40_pT246","px:PRAS40_pT246","PRAS40_pT246","PRAS40_pT246",NA,NA,"org.Hs.eg.db","px:PRAS40_pT246","px"
"px:IRS1","px:IRS1","IRS1","IRS1","insulin receptor substrate 1","2q36.3","org.Hs.eg.db","px:IRS1","px"
"px:Transglutaminase","px:Transglutaminase","Transglutaminase","Transglutaminase",NA,NA,"org.Hs.eg.db","px:Transglutaminase","px"
"px:Notch1","px:Notch1","NOTCH1","NOTCH1","notch receptor 1","9q34.3","org.Hs.eg.db","px:Notch1","px"
"px:Bax","px:Bax","BAX","BAX","BCL2 associated X, apoptosis regulator","19q13.33","org.Hs.eg.db","px:Bax","px"
"px:Bid","px:Bid","BID","BID","BH3 interacting domain death agonist","22q11.21","org.Hs.eg.db","px:Bid","px"
"px:C-Raf","px:C-Raf","C-Raf","C-Raf",NA,NA,"org.Hs.eg.db","px:C-Raf","px"
"px:4E-BP1_pT70","px:4E-BP1_pT70","4E-BP1_pT70","4E-BP1_pT70",NA,NA,"org.Hs.eg.db","px:4E-BP1_pT70","px"
"px:Bak","px:Bak","Bak","Bak",NA,NA,"org.Hs.eg.db","px:Bak","px"
"px:p38_MAPK","px:p38_MAPK","p38_MAPK","p38_MAPK",NA,NA,"org.Hs.eg.db","px:p38_MAPK","px"
"px:MEK1_pS217_S221","px:MEK1_pS217_S221","MEK1_pS217_S221","MEK1_pS217_S221",NA,NA,"org.Hs.eg.db","px:MEK1_pS217_S221","px"
"px:Beclin","px:Beclin","Beclin","Beclin",NA,NA,"org.Hs.eg.db","px:Beclin","px"
"px:K-Ras","px:K-Ras","K-Ras","K-Ras",NA,NA,"org.Hs.eg.db","px:K-Ras","px"
"px:AMPK_alpha","px:AMPK_alpha","AMPK_alpha","AMPK_alpha",NA,NA,"org.Hs.eg.db","px:AMPK_alpha","px"
"px:PCNA","px:PCNA","PCNA","PCNA","proliferating cell nuclear antigen","20p12.3","org.Hs.eg.db","px:PCNA","px"
"px:Smad1","px:Smad1","SMAD1","SMAD1","SMAD family member 1","4q31.21","org.Hs.eg.db","px:Smad1","px"
"px:PKC-alpha","px:PKC-alpha","PKC-alpha","PKC-alpha",NA,NA,"org.Hs.eg.db","px:PKC-alpha","px"
"px:A-Raf_pS299","px:A-Raf_pS299","A-Raf_pS299","A-Raf_pS299",NA,NA,"org.Hs.eg.db","px:A-Raf_pS299","px"
"px:Chk1","px:Chk1","Chk1","Chk1",NA,NA,"org.Hs.eg.db","px:Chk1","px"
"px:NF2","px:NF2","NF2","NF2","NF2, moesin-ezrin-radixin like (MERLIN) tumor suppressor","22q12.2","org.Hs.eg.db","px:NF2","px"
"px:eEF2","px:eEF2","EEF2","EEF2","eukaryotic translation elongation factor 2","19p13.3","org.Hs.eg.db","px:eEF2","px"
"px:eIF4E","px:eIF4E","EIF4E","EIF4E","eukaryotic translation initiation factor 4E","4q23","org.Hs.eg.db","px:eIF4E","px"
"px:Rad50","px:Rad50","RAD50","RAD50","RAD50 double strand break repair protein","5q31.1","org.Hs.eg.db","px:Rad50","px"
"px:ARID1A","px:ARID1A","ARID1A","ARID1A","AT-rich interaction domain 1A","1p36.11","org.Hs.eg.db","px:ARID1A","px"
"px:ANLN","px:ANLN","ANLN","ANLN","anillin, actin binding protein","7p14.2","org.Hs.eg.db","px:ANLN","px"
"px:Chk1_pS345","px:Chk1_pS345","Chk1_pS345","Chk1_pS345",NA,NA,"org.Hs.eg.db","px:Chk1_pS345","px"
"px:Smad4","px:Smad4","SMAD4","SMAD4","SMAD family member 4","18q21.2","org.Hs.eg.db","px:Smad4","px"
"px:FOXO3a","px:FOXO3a","FOXO3a","FOXO3a",NA,NA,"org.Hs.eg.db","px:FOXO3a","px"
"px:p27_pT157","px:p27_pT157","p27_pT157","p27_pT157",NA,NA,"org.Hs.eg.db","px:p27_pT157","px"
"px:14-3-3_epsilon","px:14-3-3_epsilon","14-3-3_epsilon","14-3-3_epsilon",NA,NA,"org.Hs.eg.db","px:14-3-3_epsilon","px"
"px:Smad3","px:Smad3","SMAD3","SMAD3","SMAD family member 3","15q22.33","org.Hs.eg.db","px:Smad3","px"
"px:C-Raf_pS338","px:C-Raf_pS338","C-Raf_pS338","C-Raf_pS338",NA,NA,"org.Hs.eg.db","px:C-Raf_pS338","px"
"px:MIG-6","px:MIG-6","MIG-6","MIG-6",NA,NA,"org.Hs.eg.db","px:MIG-6","px"
"px:LBK1","px:LBK1","LBK1","LBK1",NA,NA,"org.Hs.eg.db","px:LBK1","px"
"px:PKC-delta_pS664","px:PKC-delta_pS664","PKC-delta_pS664","PKC-delta_pS664",NA,NA,"org.Hs.eg.db","px:PKC-delta_pS664","px"
"px:Bcl-xL","px:Bcl-xL","Bcl-xL","Bcl-xL",NA,NA,"org.Hs.eg.db","px:Bcl-xL","px"
"px:XRCC1","px:XRCC1","XRCC1","XRCC1","X-ray repair cross complementing 1","19q13.31","org.Hs.eg.db","px:XRCC1","px"
